cik,ticker,year_old,year_new,filepath,n_added,n_removed,similarity,added_ratio
14272,BMY,2015,2016,/Users/timtonnaer/risk_project/outputs/diffs/14272_2015_2016.json,41,48,0.5989,0.3203
14272,BMY,2016,2017,/Users/timtonnaer/risk_project/outputs/diffs/14272_2016_2017.json,71,62,0.2926,0.5182
14272,BMY,2017,2018,/Users/timtonnaer/risk_project/outputs/diffs/14272_2017_2018.json,68,46,0.0875,0.4277
14272,BMY,2018,2019,/Users/timtonnaer/risk_project/outputs/diffs/14272_2018_2019.json,100,51,0.1924,0.4808
14272,BMY,2019,2020,/Users/timtonnaer/risk_project/outputs/diffs/14272_2019_2020.json,138,115,0.0562,0.5974
14272,BMY,2020,2021,/Users/timtonnaer/risk_project/outputs/diffs/14272_2020_2021.json,153,93,0.0915,0.5258
14272,BMY,2021,2022,/Users/timtonnaer/risk_project/outputs/diffs/14272_2021_2022.json,127,100,0.1187,0.4006
14272,BMY,2022,2023,/Users/timtonnaer/risk_project/outputs/diffs/14272_2022_2023.json,107,174,0.4275,0.428
97745,TMO,2015,2016,/Users/timtonnaer/risk_project/outputs/diffs/97745_2015_2016.json,31,43,0.0456,0.1824
97745,TMO,2016,2017,/Users/timtonnaer/risk_project/outputs/diffs/97745_2016_2017.json,33,40,0.5936,0.2025
97745,TMO,2017,2018,/Users/timtonnaer/risk_project/outputs/diffs/97745_2017_2018.json,53,33,0.5291,0.2896
97745,TMO,2018,2019,/Users/timtonnaer/risk_project/outputs/diffs/97745_2018_2019.json,39,29,0.2081,0.2021
97745,TMO,2019,2020,/Users/timtonnaer/risk_project/outputs/diffs/97745_2019_2020.json,53,37,0.6694,0.2524
97745,TMO,2020,2021,/Users/timtonnaer/risk_project/outputs/diffs/97745_2020_2021.json,59,44,0.1638,0.2622
97745,TMO,2021,2022,/Users/timtonnaer/risk_project/outputs/diffs/97745_2021_2022.json,72,56,0.4002,0.2988
97745,TMO,2022,2023,/Users/timtonnaer/risk_project/outputs/diffs/97745_2022_2023.json,53,59,0.2981,0.2255
100885,UNP,2022,2023,/Users/timtonnaer/risk_project/outputs/diffs/100885_2022_2023.json,34,36,0.706,0.3063
354950,HD,2015,2016,/Users/timtonnaer/risk_project/outputs/diffs/354950_2015_2016.json,58,54,0.3447,0.4113
354950,HD,2016,2017,/Users/timtonnaer/risk_project/outputs/diffs/354950_2016_2017.json,65,63,0.2021,0.4545
354950,HD,2017,2018,/Users/timtonnaer/risk_project/outputs/diffs/354950_2017_2018.json,92,64,0.3161,0.538
354950,HD,2018,2019,/Users/timtonnaer/risk_project/outputs/diffs/354950_2018_2019.json,80,64,0.41,0.4278
354950,HD,2019,2020,/Users/timtonnaer/risk_project/outputs/diffs/354950_2019_2020.json,84,57,0.6195,0.3925
354950,HD,2020,2021,/Users/timtonnaer/risk_project/outputs/diffs/354950_2020_2021.json,161,112,0.2608,0.6122
354950,HD,2021,2022,/Users/timtonnaer/risk_project/outputs/diffs/354950_2021_2022.json,127,125,0.2025,0.4792
354950,HD,2022,2023,/Users/timtonnaer/risk_project/outputs/diffs/354950_2022_2023.json,142,143,0.1222,0.5379
40533,GE,2015,2016,/Users/timtonnaer/risk_project/outputs/diffs/40533_2015_2016.json,46,47,0.6832,0.4
40533,GE,2016,2017,/Users/timtonnaer/risk_project/outputs/diffs/40533_2016_2017.json,25,23,0.6784,0.2137
40533,GE,2017,2018,/Users/timtonnaer/risk_project/outputs/diffs/40533_2017_2018.json,15,16,0.7676,0.1293
40533,GE,2018,2019,/Users/timtonnaer/risk_project/outputs/diffs/40533_2018_2019.json,28,19,0.8637,0.224
40533,GE,2019,2020,/Users/timtonnaer/risk_project/outputs/diffs/40533_2019_2020.json,23,29,0.4325,0.1933
40533,GE,2020,2021,/Users/timtonnaer/risk_project/outputs/diffs/40533_2020_2021.json,28,18,0.6951,0.2171
40533,GE,2021,2022,/Users/timtonnaer/risk_project/outputs/diffs/40533_2021_2022.json,28,23,0.6495,0.209
40533,GE,2022,2023,/Users/timtonnaer/risk_project/outputs/diffs/40533_2022_2023.json,64,57,0.6551,0.4539
60667,LOW,2015,2016,/Users/timtonnaer/risk_project/outputs/diffs/60667_2015_2016.json,99,54,0.2191,0.6781
60667,LOW,2016,2017,/Users/timtonnaer/risk_project/outputs/diffs/60667_2016_2017.json,59,65,0.3804,0.4214
60667,LOW,2017,2018,/Users/timtonnaer/risk_project/outputs/diffs/60667_2017_2018.json,52,29,0.2898,0.319
60667,LOW,2018,2019,/Users/timtonnaer/risk_project/outputs/diffs/60667_2018_2019.json,58,36,0.0211,0.3135
60667,LOW,2019,2020,/Users/timtonnaer/risk_project/outputs/diffs/60667_2019_2020.json,48,59,0.5954,0.2759
60667,LOW,2020,2021,/Users/timtonnaer/risk_project/outputs/diffs/60667_2020_2021.json,61,51,0.1318,0.3333
60667,LOW,2021,2022,/Users/timtonnaer/risk_project/outputs/diffs/60667_2021_2022.json,115,81,0.2467,0.53
60667,LOW,2022,2023,/Users/timtonnaer/risk_project/outputs/diffs/60667_2022_2023.json,92,87,0.3079,0.4144
19617,JPM,2015,2016,/Users/timtonnaer/risk_project/outputs/diffs/19617_2015_2016.json,151,129,0.0621,0.5412
19617,JPM,2016,2017,/Users/timtonnaer/risk_project/outputs/diffs/19617_2016_2017.json,173,128,0.1504,0.534
19617,JPM,2017,2018,/Users/timtonnaer/risk_project/outputs/diffs/19617_2017_2018.json,415,313,0.0098,0.9742
19617,JPM,2018,2019,/Users/timtonnaer/risk_project/outputs/diffs/19617_2018_2019.json,292,235,0.1351,0.6046
19617,JPM,2019,2020,/Users/timtonnaer/risk_project/outputs/diffs/19617_2019_2020.json,163,198,0.2606,0.3638
19617,JPM,2020,2021,/Users/timtonnaer/risk_project/outputs/diffs/19617_2020_2021.json,249,207,0.3292,0.5082
19617,JPM,2021,2022,/Users/timtonnaer/risk_project/outputs/diffs/19617_2021_2022.json,189,227,0.1311,0.4181
19617,JPM,2022,2023,/Users/timtonnaer/risk_project/outputs/diffs/19617_2022_2023.json,135,156,0.0304,0.3132
886982,GS,2015,2016,/Users/timtonnaer/risk_project/outputs/diffs/886982_2015_2016.json,175,130,0.1339,0.4279
886982,GS,2018,2019,/Users/timtonnaer/risk_project/outputs/diffs/886982_2018_2019.json,168,130,0.1666,0.3256
886982,GS,2019,2020,/Users/timtonnaer/risk_project/outputs/diffs/886982_2019_2020.json,205,189,0.0547,0.3853
886982,GS,2020,2021,/Users/timtonnaer/risk_project/outputs/diffs/886982_2020_2021.json,224,153,0.0839,0.3672
886982,GS,2021,2022,/Users/timtonnaer/risk_project/outputs/diffs/886982_2021_2022.json,163,166,0.0936,0.2685
886982,GS,2022,2023,/Users/timtonnaer/risk_project/outputs/diffs/886982_2022_2023.json,242,171,0.2042,0.3591
731766,UNH,2015,2016,/Users/timtonnaer/risk_project/outputs/diffs/731766_2015_2016.json,82,91,0.6236,0.3048
731766,UNH,2016,2017,/Users/timtonnaer/risk_project/outputs/diffs/731766_2016_2017.json,41,43,0.8045,0.1536
731766,UNH,2017,2018,/Users/timtonnaer/risk_project/outputs/diffs/731766_2017_2018.json,95,95,0.5534,0.3558
731766,UNH,2018,2019,/Users/timtonnaer/risk_project/outputs/diffs/731766_2018_2019.json,73,67,0.6928,0.2674
731766,UNH,2019,2020,/Users/timtonnaer/risk_project/outputs/diffs/731766_2019_2020.json,43,43,0.7804,0.1575
731766,UNH,2020,2021,/Users/timtonnaer/risk_project/outputs/diffs/731766_2020_2021.json,138,110,0.3332,0.4585
731766,UNH,2021,2022,/Users/timtonnaer/risk_project/outputs/diffs/731766_2021_2022.json,78,74,0.7032,0.2557
731766,UNH,2022,2023,/Users/timtonnaer/risk_project/outputs/diffs/731766_2022_2023.json,98,108,0.2605,0.3322
858877,CSCO,2015,2016,/Users/timtonnaer/risk_project/outputs/diffs/858877_2015_2016.json,61,59,0.8995,0.1821
858877,CSCO,2016,2017,/Users/timtonnaer/risk_project/outputs/diffs/858877_2016_2017.json,54,59,0.9438,0.1636
858877,CSCO,2017,2018,/Users/timtonnaer/risk_project/outputs/diffs/858877_2017_2018.json,48,44,0.9282,0.1437
858877,CSCO,2018,2019,/Users/timtonnaer/risk_project/outputs/diffs/858877_2018_2019.json,58,69,0.8796,0.1796
858877,CSCO,2019,2020,/Users/timtonnaer/risk_project/outputs/diffs/858877_2019_2020.json,81,48,0.8492,0.2275
858877,CSCO,2020,2021,/Users/timtonnaer/risk_project/outputs/diffs/858877_2020_2021.json,151,144,0.1062,0.416
858877,CSCO,2021,2022,/Users/timtonnaer/risk_project/outputs/diffs/858877_2021_2022.json,99,83,0.1913,0.2612
858877,CSCO,2022,2023,/Users/timtonnaer/risk_project/outputs/diffs/858877_2022_2023.json,79,100,0.499,0.2213
109198,TJX,2015,2016,/Users/timtonnaer/risk_project/outputs/diffs/109198_2015_2016.json,1562,83,0.0709,0.9243
109198,TJX,2016,2017,/Users/timtonnaer/risk_project/outputs/diffs/109198_2016_2017.json,861,993,0.3439,0.5676
109198,TJX,2017,2018,/Users/timtonnaer/risk_project/outputs/diffs/109198_2017_2018.json,116,1408,0.0413,0.5156
109198,TJX,2018,2019,/Users/timtonnaer/risk_project/outputs/diffs/109198_2018_2019.json,111,120,0.0357,0.5139
109198,TJX,2019,2020,/Users/timtonnaer/risk_project/outputs/diffs/109198_2019_2020.json,77,60,0.5967,0.3305
109198,TJX,2020,2021,/Users/timtonnaer/risk_project/outputs/diffs/109198_2020_2021.json,161,145,0.0533,0.6466
109198,TJX,2021,2022,/Users/timtonnaer/risk_project/outputs/diffs/109198_2021_2022.json,123,114,0.3466,0.4767
109198,TJX,2022,2023,/Users/timtonnaer/risk_project/outputs/diffs/109198_2022_2023.json,132,130,0.1765,0.5077
318154,AMGN,2015,2016,/Users/timtonnaer/risk_project/outputs/diffs/318154_2015_2016.json,202,239,0.0613,0.6312
318154,AMGN,2016,2017,/Users/timtonnaer/risk_project/outputs/diffs/318154_2016_2017.json,213,171,0.5035,0.5884
318154,AMGN,2017,2018,/Users/timtonnaer/risk_project/outputs/diffs/318154_2017_2018.json,183,129,0.3484,0.4399
318154,AMGN,2018,2019,/Users/timtonnaer/risk_project/outputs/diffs/318154_2018_2019.json,225,174,0.5305,0.4808
318154,AMGN,2019,2020,/Users/timtonnaer/risk_project/outputs/diffs/318154_2019_2020.json,293,238,0.5545,0.5602
318154,AMGN,2020,2021,/Users/timtonnaer/risk_project/outputs/diffs/318154_2020_2021.json,339,204,0.2268,0.506
318154,AMGN,2021,2022,/Users/timtonnaer/risk_project/outputs/diffs/318154_2021_2022.json,260,264,0.5144,0.3875
318154,AMGN,2022,2023,/Users/timtonnaer/risk_project/outputs/diffs/318154_2022_2023.json,230,248,0.5635,0.3538
316709,SCHW,2015,2016,/Users/timtonnaer/risk_project/outputs/diffs/316709_2015_2016.json,75,77,0.2035,0.4658
316709,SCHW,2016,2017,/Users/timtonnaer/risk_project/outputs/diffs/316709_2016_2017.json,61,72,0.3004,0.4067
316709,SCHW,2017,2018,/Users/timtonnaer/risk_project/outputs/diffs/316709_2017_2018.json,124,124,0.0807,0.8267
316709,SCHW,2018,2019,/Users/timtonnaer/risk_project/outputs/diffs/316709_2018_2019.json,41,33,0.6725,0.2595
316709,SCHW,2019,2020,/Users/timtonnaer/risk_project/outputs/diffs/316709_2019_2020.json,82,29,0.2162,0.3886
316709,SCHW,2020,2021,/Users/timtonnaer/risk_project/outputs/diffs/316709_2020_2021.json,132,108,0.0851,0.5617
316709,SCHW,2021,2022,/Users/timtonnaer/risk_project/outputs/diffs/316709_2021_2022.json,57,51,0.8197,0.2365
316709,SCHW,2022,2023,/Users/timtonnaer/risk_project/outputs/diffs/316709_2022_2023.json,60,63,0.6029,0.2521
1800,ABT,2015,2016,/Users/timtonnaer/risk_project/outputs/diffs/1800_2015_2016.json,25,19,0.8204,0.1773
1800,ABT,2016,2017,/Users/timtonnaer/risk_project/outputs/diffs/1800_2016_2017.json,59,51,0.4187,0.396
1800,ABT,2017,2018,/Users/timtonnaer/risk_project/outputs/diffs/1800_2017_2018.json,20,36,0.6201,0.1504
1800,ABT,2018,2019,/Users/timtonnaer/risk_project/outputs/diffs/1800_2018_2019.json,23,21,0.8489,0.1704
1800,ABT,2019,2020,/Users/timtonnaer/risk_project/outputs/diffs/1800_2019_2020.json,70,92,0.1537,0.6195
1800,ABT,2020,2021,/Users/timtonnaer/risk_project/outputs/diffs/1800_2020_2021.json,3835,32,0.015,0.9793
1800,ABT,2021,2022,/Users/timtonnaer/risk_project/outputs/diffs/1800_2021_2022.json,631,3068,0.1473,0.4275
1800,ABT,2022,2023,/Users/timtonnaer/risk_project/outputs/diffs/1800_2022_2023.json,84,1391,0.0436,0.497
70858,BAC,2015,2016,/Users/timtonnaer/risk_project/outputs/diffs/70858_2015_2016.json,211,257,0.199,0.4648
70858,BAC,2016,2017,/Users/timtonnaer/risk_project/outputs/diffs/70858_2016_2017.json,249,274,0.1127,0.5804
70858,BAC,2017,2018,/Users/timtonnaer/risk_project/outputs/diffs/70858_2017_2018.json,182,176,0.1474,0.4184
70858,BAC,2018,2019,/Users/timtonnaer/risk_project/outputs/diffs/70858_2018_2019.json,241,205,0.4968,0.5117
70858,BAC,2019,2020,/Users/timtonnaer/risk_project/outputs/diffs/70858_2019_2020.json,277,244,0.3256,0.5496
70858,BAC,2020,2021,/Users/timtonnaer/risk_project/outputs/diffs/70858_2020_2021.json,325,304,0.165,0.619
70858,BAC,2021,2022,/Users/timtonnaer/risk_project/outputs/diffs/70858_2021_2022.json,295,274,0.2378,0.5194
70858,BAC,2022,2023,/Users/timtonnaer/risk_project/outputs/diffs/70858_2022_2023.json,340,404,0.0213,0.6925
723254,CVS,2015,2016,/Users/timtonnaer/risk_project/outputs/diffs/723254_2015_2016.json,17,28,0.7956,0.1382
723254,CVS,2016,2017,/Users/timtonnaer/risk_project/outputs/diffs/723254_2016_2017.json,22,18,0.7898,0.1732
723254,CVS,2017,2018,/Users/timtonnaer/risk_project/outputs/diffs/723254_2017_2018.json,21,11,0.8948,0.1533
723254,CVS,2018,2019,/Users/timtonnaer/risk_project/outputs/diffs/723254_2018_2019.json,13,17,0.8078,0.0977
723254,CVS,2019,2020,/Users/timtonnaer/risk_project/outputs/diffs/723254_2019_2020.json,38,31,0.6992,0.2714
723254,CVS,2020,2021,/Users/timtonnaer/risk_project/outputs/diffs/723254_2020_2021.json,28,26,0.5146,0.1972
723254,CVS,2021,2022,/Users/timtonnaer/risk_project/outputs/diffs/723254_2021_2022.json,34,20,0.8058,0.2179
723254,CVS,2022,2023,/Users/timtonnaer/risk_project/outputs/diffs/723254_2022_2023.json,23,25,0.6315,0.1494
200406,JNJ,2015,2016,/Users/timtonnaer/risk_project/outputs/diffs/200406_2015_2016.json,1,1,0.9874,0.3333
200406,JNJ,2016,2017,/Users/timtonnaer/risk_project/outputs/diffs/200406_2016_2017.json,117,2,0.0291,0.9915
200406,JNJ,2017,2018,/Users/timtonnaer/risk_project/outputs/diffs/200406_2017_2018.json,36,30,0.8384,0.2903
200406,JNJ,2018,2019,/Users/timtonnaer/risk_project/outputs/diffs/200406_2018_2019.json,37,29,0.7455,0.2803
200406,JNJ,2019,2020,/Users/timtonnaer/risk_project/outputs/diffs/200406_2019_2020.json,21,17,0.8478,0.1533
200406,JNJ,2020,2021,/Users/timtonnaer/risk_project/outputs/diffs/200406_2020_2021.json,78,49,0.3934,0.4699
200406,JNJ,2021,2022,/Users/timtonnaer/risk_project/outputs/diffs/200406_2021_2022.json,98,66,0.7598,0.4949
200406,JNJ,2022,2023,/Users/timtonnaer/risk_project/outputs/diffs/200406_2022_2023.json,55,36,0.8131,0.2535
32604,EMR,2015,2016,/Users/timtonnaer/risk_project/outputs/diffs/32604_2015_2016.json,24,24,0.2277,0.4
32604,EMR,2016,2017,/Users/timtonnaer/risk_project/outputs/diffs/32604_2016_2017.json,19,16,0.8256,0.3016
32604,EMR,2017,2018,/Users/timtonnaer/risk_project/outputs/diffs/32604_2017_2018.json,36,21,0.6025,0.4615
32604,EMR,2018,2019,/Users/timtonnaer/risk_project/outputs/diffs/32604_2018_2019.json,17,13,0.8299,0.2073
32604,EMR,2019,2020,/Users/timtonnaer/risk_project/outputs/diffs/32604_2019_2020.json,37,21,0.4104,0.3776
32604,EMR,2020,2021,/Users/timtonnaer/risk_project/outputs/diffs/32604_2020_2021.json,28,18,0.6416,0.2593
32604,EMR,2021,2022,/Users/timtonnaer/risk_project/outputs/diffs/32604_2021_2022.json,30,26,0.5695,0.2679
32604,EMR,2022,2023,/Users/timtonnaer/risk_project/outputs/diffs/32604_2022_2023.json,26,28,0.6338,0.2364
320193,AAPL,2015,2016,/Users/timtonnaer/risk_project/outputs/diffs/320193_2015_2016.json,43,45,0.2286,0.1558
320193,AAPL,2016,2017,/Users/timtonnaer/risk_project/outputs/diffs/320193_2016_2017.json,61,62,0.8048,0.2218
320193,AAPL,2017,2018,/Users/timtonnaer/risk_project/outputs/diffs/320193_2017_2018.json,139,126,0.2801,0.4826
320193,AAPL,2018,2019,/Users/timtonnaer/risk_project/outputs/diffs/320193_2018_2019.json,101,107,0.3727,0.3582
320193,AAPL,2019,2020,/Users/timtonnaer/risk_project/outputs/diffs/320193_2019_2020.json,80,57,0.4955,0.2623
320193,AAPL,2020,2021,/Users/timtonnaer/risk_project/outputs/diffs/320193_2020_2021.json,180,159,0.0571,0.5521
320193,AAPL,2021,2022,/Users/timtonnaer/risk_project/outputs/diffs/320193_2021_2022.json,87,70,0.037,0.2536
320193,AAPL,2022,2023,/Users/timtonnaer/risk_project/outputs/diffs/320193_2022_2023.json,84,103,0.1728,0.2593
50863,INTC,2015,2016,/Users/timtonnaer/risk_project/outputs/diffs/50863_2015_2016.json,41,41,0.7274,0.1925
50863,INTC,2016,2017,/Users/timtonnaer/risk_project/outputs/diffs/50863_2016_2017.json,66,51,0.4202,0.2895
78003,PFE,2015,2016,/Users/timtonnaer/risk_project/outputs/diffs/78003_2015_2016.json,230,136,0.0882,0.6037
78003,PFE,2016,2017,/Users/timtonnaer/risk_project/outputs/diffs/78003_2016_2017.json,137,199,0.6514,0.4295
78003,PFE,2017,2018,/Users/timtonnaer/risk_project/outputs/diffs/78003_2017_2018.json,144,106,0.6877,0.4034
78003,PFE,2018,2019,/Users/timtonnaer/risk_project/outputs/diffs/78003_2018_2019.json,240,161,0.61,0.5505
78003,PFE,2019,2020,/Users/timtonnaer/risk_project/outputs/diffs/78003_2019_2020.json,214,186,0.6195,0.4612
78003,PFE,2020,2021,/Users/timtonnaer/risk_project/outputs/diffs/78003_2020_2021.json,229,407,0.1619,0.8035
78003,PFE,2021,2022,/Users/timtonnaer/risk_project/outputs/diffs/78003_2021_2022.json,132,111,0.6071,0.4314
78003,PFE,2022,2023,/Users/timtonnaer/risk_project/outputs/diffs/78003_2022_2023.json,135,127,0.6592,0.4299
804328,QCOM,2015,2016,/Users/timtonnaer/risk_project/outputs/diffs/804328_2015_2016.json,158,123,0.402,0.5267
804328,QCOM,2016,2017,/Users/timtonnaer/risk_project/outputs/diffs/804328_2016_2017.json,184,125,0.5305,0.514
804328,QCOM,2017,2018,/Users/timtonnaer/risk_project/outputs/diffs/804328_2017_2018.json,151,141,0.4785,0.4092
804328,QCOM,2018,2019,/Users/timtonnaer/risk_project/outputs/diffs/804328_2018_2019.json,266,217,0.1005,0.6394
804328,QCOM,2019,2020,/Users/timtonnaer/risk_project/outputs/diffs/804328_2019_2020.json,283,283,0.0263,0.6803
804328,QCOM,2020,2021,/Users/timtonnaer/risk_project/outputs/diffs/804328_2020_2021.json,195,175,0.2678,0.4493
804328,QCOM,2021,2022,/Users/timtonnaer/risk_project/outputs/diffs/804328_2021_2022.json,177,170,0.6171,0.3986
804328,QCOM,2022,2023,/Users/timtonnaer/risk_project/outputs/diffs/804328_2022_2023.json,127,114,0.7705,0.2779
37996,F,2015,2016,/Users/timtonnaer/risk_project/outputs/diffs/37996_2015_2016.json,8,19,0.6224,0.5
37996,F,2016,2017,/Users/timtonnaer/risk_project/outputs/diffs/37996_2016_2017.json,0,12,0.3036,0.0
37996,F,2017,2018,/Users/timtonnaer/risk_project/outputs/diffs/37996_2017_2018.json,30,4,0.0224,1.0
37996,F,2018,2019,/Users/timtonnaer/risk_project/outputs/diffs/37996_2018_2019.json,1,28,0.2178,0.3333
37996,F,2019,2020,/Users/timtonnaer/risk_project/outputs/diffs/37996_2019_2020.json,11,0,0.3575,0.7857
37996,F,2020,2021,/Users/timtonnaer/risk_project/outputs/diffs/37996_2020_2021.json,2,8,0.5318,0.25
37996,F,2021,2022,/Users/timtonnaer/risk_project/outputs/diffs/37996_2021_2022.json,6,0,0.6451,0.4286
37996,F,2022,2023,/Users/timtonnaer/risk_project/outputs/diffs/37996_2022_2023.json,0,6,0.6451,0.0
320187,NKE,2015,2016,/Users/timtonnaer/risk_project/outputs/diffs/320187_2015_2016.json,69,64,0.461,0.2233
320187,NKE,2016,2017,/Users/timtonnaer/risk_project/outputs/diffs/320187_2016_2017.json,93,77,0.2093,0.2862
320187,NKE,2017,2018,/Users/timtonnaer/risk_project/outputs/diffs/320187_2017_2018.json,112,98,0.5231,0.3304
320187,NKE,2018,2019,/Users/timtonnaer/risk_project/outputs/diffs/320187_2018_2019.json,83,76,0.2209,0.2399
320187,NKE,2019,2020,/Users/timtonnaer/risk_project/outputs/diffs/320187_2019_2020.json,144,111,0.196,0.3799
320187,NKE,2020,2021,/Users/timtonnaer/risk_project/outputs/diffs/320187_2020_2021.json,95,95,0.1156,0.25
320187,NKE,2021,2022,/Users/timtonnaer/risk_project/outputs/diffs/320187_2021_2022.json,97,79,0.3343,0.2443
320187,NKE,2022,2023,/Users/timtonnaer/risk_project/outputs/diffs/320187_2022_2023.json,99,101,0.0668,0.2506
277948,CSX,2015,2016,/Users/timtonnaer/risk_project/outputs/diffs/277948_2015_2016.json,25,26,0.2685,0.2577
277948,CSX,2016,2017,/Users/timtonnaer/risk_project/outputs/diffs/277948_2016_2017.json,18,13,0.1475,0.1765
277948,CSX,2017,2018,/Users/timtonnaer/risk_project/outputs/diffs/277948_2017_2018.json,28,28,0.6223,0.2745
277948,CSX,2018,2019,/Users/timtonnaer/risk_project/outputs/diffs/277948_2018_2019.json,17,22,0.3288,0.1753
277948,CSX,2019,2020,/Users/timtonnaer/risk_project/outputs/diffs/277948_2019_2020.json,19,18,0.4748,0.1939
277948,CSX,2020,2021,/Users/timtonnaer/risk_project/outputs/diffs/277948_2020_2021.json,23,16,0.2753,0.219
277948,CSX,2021,2022,/Users/timtonnaer/risk_project/outputs/diffs/277948_2021_2022.json,33,24,0.4246,0.2895
277948,CSX,2022,2023,/Users/timtonnaer/risk_project/outputs/diffs/277948_2022_2023.json,19,18,0.8438,0.1652
899051,ALL,2015,2016,/Users/timtonnaer/risk_project/outputs/diffs/899051_2015_2016.json,125,115,0.0853,0.4864
899051,ALL,2016,2017,/Users/timtonnaer/risk_project/outputs/diffs/899051_2016_2017.json,129,72,0.3633,0.4108
899051,ALL,2017,2018,/Users/timtonnaer/risk_project/outputs/diffs/899051_2017_2018.json,242,200,0.0559,0.6817
899051,ALL,2018,2019,/Users/timtonnaer/risk_project/outputs/diffs/899051_2018_2019.json,205,162,0.1085,0.5151
899051,ALL,2019,2020,/Users/timtonnaer/risk_project/outputs/diffs/899051_2019_2020.json,154,354,0.048,0.7778
899051,ALL,2020,2021,/Users/timtonnaer/risk_project/outputs/diffs/899051_2020_2021.json,63,57,0.1182,0.3088
899051,ALL,2021,2022,/Users/timtonnaer/risk_project/outputs/diffs/899051_2021_2022.json,58,59,0.1997,0.2857
899051,ALL,2022,2023,/Users/timtonnaer/risk_project/outputs/diffs/899051_2022_2023.json,74,61,0.1306,0.3426
66740,MMM,2022,2023,/Users/timtonnaer/risk_project/outputs/diffs/66740_2022_2023.json,104,72,0.3689,0.7647
72971,WFC,2015,2016,/Users/timtonnaer/risk_project/outputs/diffs/72971_2015_2016.json,1,1,0.9956,0.5
72971,WFC,2016,2017,/Users/timtonnaer/risk_project/outputs/diffs/72971_2016_2017.json,1,1,0.9956,0.5
72971,WFC,2017,2018,/Users/timtonnaer/risk_project/outputs/diffs/72971_2017_2018.json,1,1,0.9956,0.5
72971,WFC,2018,2019,/Users/timtonnaer/risk_project/outputs/diffs/72971_2018_2019.json,1,1,0.9778,0.5
72971,WFC,2019,2020,/Users/timtonnaer/risk_project/outputs/diffs/72971_2019_2020.json,1,1,0.9422,0.5
72971,WFC,2020,2021,/Users/timtonnaer/risk_project/outputs/diffs/72971_2020_2021.json,1,1,0.9911,0.5
72971,WFC,2021,2022,/Users/timtonnaer/risk_project/outputs/diffs/72971_2021_2022.json,1,1,0.9868,0.5
72971,WFC,2022,2023,/Users/timtonnaer/risk_project/outputs/diffs/72971_2022_2023.json,1,1,0.9868,0.5
1018724,AMZN,2015,2016,/Users/timtonnaer/risk_project/outputs/diffs/1018724_2015_2016.json,31,30,0.8674,0.1623
1018724,AMZN,2016,2017,/Users/timtonnaer/risk_project/outputs/diffs/1018724_2016_2017.json,28,28,0.9475,0.1466
1018724,AMZN,2017,2018,/Users/timtonnaer/risk_project/outputs/diffs/1018724_2017_2018.json,37,26,0.9025,0.1832
1018724,AMZN,2018,2019,/Users/timtonnaer/risk_project/outputs/diffs/1018724_2018_2019.json,57,69,0.6794,0.3
1018724,AMZN,2019,2020,/Users/timtonnaer/risk_project/outputs/diffs/1018724_2019_2020.json,102,95,0.5368,0.5178
1018724,AMZN,2020,2021,/Users/timtonnaer/risk_project/outputs/diffs/1018724_2020_2021.json,31,37,0.0566,0.1623
1018724,AMZN,2021,2022,/Users/timtonnaer/risk_project/outputs/diffs/1018724_2021_2022.json,42,36,0.7926,0.2132
1018724,AMZN,2022,2023,/Users/timtonnaer/risk_project/outputs/diffs/1018724_2022_2023.json,47,36,0.4736,0.226
12927,BA,2015,2016,/Users/timtonnaer/risk_project/outputs/diffs/12927_2015_2016.json,40,39,0.8998,0.1747
12927,BA,2016,2017,/Users/timtonnaer/risk_project/outputs/diffs/12927_2016_2017.json,40,41,0.7523,0.1754
12927,BA,2017,2018,/Users/timtonnaer/risk_project/outputs/diffs/12927_2017_2018.json,48,49,0.7431,0.2115
12927,BA,2018,2019,/Users/timtonnaer/risk_project/outputs/diffs/12927_2018_2019.json,47,41,0.7778,0.2017
12927,BA,2019,2020,/Users/timtonnaer/risk_project/outputs/diffs/12927_2019_2020.json,85,55,0.6097,0.3232
12927,BA,2020,2021,/Users/timtonnaer/risk_project/outputs/diffs/12927_2020_2021.json,150,89,0.1824,0.463
12927,BA,2021,2022,/Users/timtonnaer/risk_project/outputs/diffs/12927_2021_2022.json,137,119,0.2765,0.4006
12927,BA,2022,2023,/Users/timtonnaer/risk_project/outputs/diffs/12927_2022_2023.json,121,173,0.1289,0.4172
866787,AZO,2015,2016,/Users/timtonnaer/risk_project/outputs/diffs/866787_2015_2016.json,1216,33,0.1465,0.929
866787,AZO,2016,2017,/Users/timtonnaer/risk_project/outputs/diffs/866787_2016_2017.json,591,592,0.2963,0.4505
866787,AZO,2017,2018,/Users/timtonnaer/risk_project/outputs/diffs/866787_2017_2018.json,35,1197,0.0766,0.2333
866787,AZO,2018,2019,/Users/timtonnaer/risk_project/outputs/diffs/866787_2018_2019.json,62,39,0.4305,0.3584
866787,AZO,2021,2022,/Users/timtonnaer/risk_project/outputs/diffs/866787_2021_2022.json,103,927,0.012,0.5421
866787,AZO,2022,2023,/Users/timtonnaer/risk_project/outputs/diffs/866787_2022_2023.json,1132,60,0.1142,0.897
97476,TXN,2015,2016,/Users/timtonnaer/risk_project/outputs/diffs/97476_2015_2016.json,61,57,0.2035,0.442
97476,TXN,2016,2017,/Users/timtonnaer/risk_project/outputs/diffs/97476_2016_2017.json,41,48,0.4527,0.313
97476,TXN,2017,2018,/Users/timtonnaer/risk_project/outputs/diffs/97476_2017_2018.json,35,31,0.5504,0.2593
97476,TXN,2018,2019,/Users/timtonnaer/risk_project/outputs/diffs/97476_2018_2019.json,30,29,0.4782,0.2206
97476,TXN,2019,2020,/Users/timtonnaer/risk_project/outputs/diffs/97476_2019_2020.json,34,38,0.4842,0.2576
97476,TXN,2020,2021,/Users/timtonnaer/risk_project/outputs/diffs/97476_2020_2021.json,40,37,0.3505,0.2963
97476,TXN,2021,2022,/Users/timtonnaer/risk_project/outputs/diffs/97476_2021_2022.json,34,34,0.4956,0.2519
97476,TXN,2022,2023,/Users/timtonnaer/risk_project/outputs/diffs/97476_2022_2023.json,24,25,0.3484,0.1791
773840,HON,2015,2016,/Users/timtonnaer/risk_project/outputs/diffs/773840_2015_2016.json,26,24,0.6458,0.2826
773840,HON,2016,2017,/Users/timtonnaer/risk_project/outputs/diffs/773840_2016_2017.json,35,30,0.7516,0.3608
773840,HON,2017,2018,/Users/timtonnaer/risk_project/outputs/diffs/773840_2017_2018.json,41,22,0.1423,0.3534
773840,HON,2018,2019,/Users/timtonnaer/risk_project/outputs/diffs/773840_2018_2019.json,34,36,0.3881,0.2982
773840,HON,2019,2020,/Users/timtonnaer/risk_project/outputs/diffs/773840_2019_2020.json,54,32,0.3107,0.3971
4962,AXP,2015,2016,/Users/timtonnaer/risk_project/outputs/diffs/4962_2015_2016.json,228,352,0.01,0.608
4962,AXP,2016,2017,/Users/timtonnaer/risk_project/outputs/diffs/4962_2016_2017.json,205,195,0.033,0.5325
4962,AXP,2017,2018,/Users/timtonnaer/risk_project/outputs/diffs/4962_2017_2018.json,161,157,0.0631,0.4139
4962,AXP,2018,2019,/Users/timtonnaer/risk_project/outputs/diffs/4962_2018_2019.json,191,183,0.1197,0.4811
4962,AXP,2019,2020,/Users/timtonnaer/risk_project/outputs/diffs/4962_2019_2020.json,168,158,0.1508,0.4128
4962,AXP,2020,2021,/Users/timtonnaer/risk_project/outputs/diffs/4962_2020_2021.json,198,190,0.353,0.4771
4962,AXP,2021,2022,/Users/timtonnaer/risk_project/outputs/diffs/4962_2021_2022.json,176,182,0.0421,0.4303
4962,AXP,2022,2023,/Users/timtonnaer/risk_project/outputs/diffs/4962_2022_2023.json,148,139,0.0696,0.3541
1090727,UPS,2015,2016,/Users/timtonnaer/risk_project/outputs/diffs/1090727_2015_2016.json,24,15,0.7841,0.1702
1090727,UPS,2016,2017,/Users/timtonnaer/risk_project/outputs/diffs/1090727_2016_2017.json,25,17,0.8437,0.1678
1090727,UPS,2017,2018,/Users/timtonnaer/risk_project/outputs/diffs/1090727_2017_2018.json,91,47,0.7001,0.4715
1090727,UPS,2018,2019,/Users/timtonnaer/risk_project/outputs/diffs/1090727_2018_2019.json,69,58,0.7248,0.3382
1090727,UPS,2019,2020,/Users/timtonnaer/risk_project/outputs/diffs/1090727_2019_2020.json,110,122,0.3767,0.5729
1090727,UPS,2020,2021,/Users/timtonnaer/risk_project/outputs/diffs/1090727_2020_2021.json,113,91,0.1448,0.528
1090727,UPS,2021,2022,/Users/timtonnaer/risk_project/outputs/diffs/1090727_2021_2022.json,122,132,0.1539,0.598
1090727,UPS,2022,2023,/Users/timtonnaer/risk_project/outputs/diffs/1090727_2022_2023.json,103,94,0.4176,0.4836
936468,LMT,2015,2016,/Users/timtonnaer/risk_project/outputs/diffs/936468_2015_2016.json,138,107,0.3201,0.4466
936468,LMT,2016,2017,/Users/timtonnaer/risk_project/outputs/diffs/936468_2016_2017.json,122,115,0.2569,0.3861
936468,LMT,2017,2018,/Users/timtonnaer/risk_project/outputs/diffs/936468_2017_2018.json,93,115,0.2826,0.3163
936468,LMT,2018,2019,/Users/timtonnaer/risk_project/outputs/diffs/936468_2018_2019.json,140,112,0.4531,0.4348
936468,LMT,2019,2020,/Users/timtonnaer/risk_project/outputs/diffs/936468_2019_2020.json,208,153,0.2756,0.5517
936468,LMT,2020,2021,/Users/timtonnaer/risk_project/outputs/diffs/936468_2020_2021.json,189,125,0.2113,0.4276
936468,LMT,2021,2022,/Users/timtonnaer/risk_project/outputs/diffs/936468_2021_2022.json,238,244,0.2819,0.5459
936468,LMT,2022,2023,/Users/timtonnaer/risk_project/outputs/diffs/936468_2022_2023.json,225,261,0.287,0.5639
829224,SBUX,2015,2016,/Users/timtonnaer/risk_project/outputs/diffs/829224_2015_2016.json,45,45,0.6243,0.3237
829224,SBUX,2016,2017,/Users/timtonnaer/risk_project/outputs/diffs/829224_2016_2017.json,46,38,0.5915,0.3129
829224,SBUX,2017,2018,/Users/timtonnaer/risk_project/outputs/diffs/829224_2017_2018.json,79,67,0.2836,0.4969
829224,SBUX,2018,2019,/Users/timtonnaer/risk_project/outputs/diffs/829224_2018_2019.json,99,77,0.0997,0.547
829224,SBUX,2019,2020,/Users/timtonnaer/risk_project/outputs/diffs/829224_2019_2020.json,80,48,0.0829,0.3756
829224,SBUX,2020,2021,/Users/timtonnaer/risk_project/outputs/diffs/829224_2020_2021.json,137,101,0.0619,0.5502
829224,SBUX,2021,2022,/Users/timtonnaer/risk_project/outputs/diffs/829224_2021_2022.json,80,58,0.24,0.2952
829224,SBUX,2022,2023,/Users/timtonnaer/risk_project/outputs/diffs/829224_2022_2023.json,133,109,0.0293,0.4508
47217,HPQ,2015,2016,/Users/timtonnaer/risk_project/outputs/diffs/47217_2015_2016.json,123,124,0.0727,0.3162
47217,HPQ,2016,2017,/Users/timtonnaer/risk_project/outputs/diffs/47217_2016_2017.json,68,78,0.558,0.1794
47217,HPQ,2017,2018,/Users/timtonnaer/risk_project/outputs/diffs/47217_2017_2018.json,106,107,0.4443,0.2804
47217,HPQ,2018,2019,/Users/timtonnaer/risk_project/outputs/diffs/47217_2018_2019.json,111,79,0.1508,0.2707
47217,HPQ,2019,2020,/Users/timtonnaer/risk_project/outputs/diffs/47217_2019_2020.json,226,203,0.1949,0.5219
47217,HPQ,2020,2021,/Users/timtonnaer/risk_project/outputs/diffs/47217_2020_2021.json,253,273,0.1924,0.6141
47217,HPQ,2021,2022,/Users/timtonnaer/risk_project/outputs/diffs/47217_2021_2022.json,182,219,0.1009,0.4853
47217,HPQ,2022,2023,/Users/timtonnaer/risk_project/outputs/diffs/47217_2022_2023.json,182,146,0.3001,0.4428
1099219,MET,2015,2016,/Users/timtonnaer/risk_project/outputs/diffs/1099219_2015_2016.json,235,230,0.6782,0.3009
1099219,MET,2016,2017,/Users/timtonnaer/risk_project/outputs/diffs/1099219_2016_2017.json,397,274,0.3016,0.4387
1099219,MET,2017,2018,/Users/timtonnaer/risk_project/outputs/diffs/1099219_2017_2018.json,359,283,0.5233,0.3667
1099219,MET,2018,2019,/Users/timtonnaer/risk_project/outputs/diffs/1099219_2018_2019.json,343,864,0.019,0.7522
1099219,MET,2019,2020,/Users/timtonnaer/risk_project/outputs/diffs/1099219_2019_2020.json,287,436,0.0893,0.9349
1099219,MET,2020,2021,/Users/timtonnaer/risk_project/outputs/diffs/1099219_2020_2021.json,251,198,0.0421,0.6972
1099219,MET,2021,2022,/Users/timtonnaer/risk_project/outputs/diffs/1099219_2021_2022.json,99,81,0.0602,0.2619
1099219,MET,2022,2023,/Users/timtonnaer/risk_project/outputs/diffs/1099219_2022_2023.json,95,82,0.509,0.243
51143,IBM,2020,2021,/Users/timtonnaer/risk_project/outputs/diffs/51143_2020_2021.json,2217,1787,0.3399,0.5833
789019,MSFT,2015,2016,/Users/timtonnaer/risk_project/outputs/diffs/789019_2015_2016.json,58,1406,0.0897,0.2007
789019,MSFT,2020,2021,/Users/timtonnaer/risk_project/outputs/diffs/789019_2020_2021.json,95,71,0.6442,0.2295
789019,MSFT,2021,2022,/Users/timtonnaer/risk_project/outputs/diffs/789019_2021_2022.json,81,78,0.791,0.1942
310158,MRK,2015,2016,/Users/timtonnaer/risk_project/outputs/diffs/310158_2015_2016.json,55,88,0.177,0.2236
310158,MRK,2016,2017,/Users/timtonnaer/risk_project/outputs/diffs/310158_2016_2017.json,76,66,0.3153,0.2969
310158,MRK,2017,2018,/Users/timtonnaer/risk_project/outputs/diffs/310158_2017_2018.json,101,62,0.2836,0.3412
310158,MRK,2018,2019,/Users/timtonnaer/risk_project/outputs/diffs/310158_2018_2019.json,76,93,0.53,0.2714
310158,MRK,2019,2020,/Users/timtonnaer/risk_project/outputs/diffs/310158_2019_2020.json,152,94,0.1625,0.451
310158,MRK,2020,2021,/Users/timtonnaer/risk_project/outputs/diffs/310158_2020_2021.json,119,99,0.2793,0.3148
310158,MRK,2021,2022,/Users/timtonnaer/risk_project/outputs/diffs/310158_2021_2022.json,157,161,0.1491,0.4198
310158,MRK,2022,2023,/Users/timtonnaer/risk_project/outputs/diffs/310158_2022_2023.json,98,95,0.3104,0.2593
63754,MCD,2015,2016,/Users/timtonnaer/risk_project/outputs/diffs/63754_2015_2016.json,19,15,0.9386,0.1187
63754,MCD,2016,2017,/Users/timtonnaer/risk_project/outputs/diffs/63754_2016_2017.json,31,20,0.4784,0.1824
63754,MCD,2017,2018,/Users/timtonnaer/risk_project/outputs/diffs/63754_2017_2018.json,64,13,0.7077,0.2896
63754,MCD,2018,2019,/Users/timtonnaer/risk_project/outputs/diffs/63754_2018_2019.json,45,50,0.6268,0.2083
63754,MCD,2019,2020,/Users/timtonnaer/risk_project/outputs/diffs/63754_2019_2020.json,68,46,0.3357,0.2857
63754,MCD,2020,2021,/Users/timtonnaer/risk_project/outputs/diffs/63754_2020_2021.json,78,67,0.2154,0.3133
63754,MCD,2021,2022,/Users/timtonnaer/risk_project/outputs/diffs/63754_2021_2022.json,112,78,0.4159,0.3972
63754,MCD,2022,2023,/Users/timtonnaer/risk_project/outputs/diffs/63754_2022_2023.json,130,95,0.1033,0.4101
